City_ID,City,Lat,Lng,Max Temp,Humidity,Cloudiness,Wind Speed,Country,Date
0,ushuaia,-54.8,-68.3,-1.19,80,75,3.09,AR,1689910264
1,fort bragg,35.139,-79.006,26.78,83,99,1.34,US,1689909994
2,merizo village,13.2658,144.6691,32.31,81,39,4.73,GU,1689910264
3,lukolela,-1.0605,17.1821,22.43,67,54,1.47,CD,1689910264
4,hithadhoo,-0.6,73.0833,28.7,73,68,7.18,MV,1689910265
5,petropavlovsk-kamchatsky,53.0452,158.6483,14.33,100,75,1.0,RU,1689910265
6,valdivia,-39.8142,-73.2459,12.05,96,100,4.29,CL,1689910265
7,tiksi,71.6872,128.8694,7.95,57,100,3.65,RU,1689910265
8,adamstown,-25.066,-130.1015,20.37,90,99,9.99,PN,1689910265
9,grytviken,-54.2811,-36.5092,-1.45,90,96,1.55,GS,1689910266
10,kodiak,57.79,-152.4072,11.73,94,0,1.54,US,1689910266
11,egilsstadir,65.2653,-14.3948,4.95,100,100,3.09,IS,1689910266
12,badger,64.8,-147.5333,23.32,66,40,2.57,US,1689910266
13,edinburgh of the seven seas,-37.0676,-12.3116,11.99,64,89,10.33,SH,1689910266
14,zeya,53.75,127.2667,26.16,30,0,4.13,RU,1689910266
15,waitangi,-43.9535,-176.5597,8.23,93,97,2.68,NZ,1689910266
16,iqaluit,63.7506,-68.5145,4.85,93,75,1.03,CA,1689910267
17,olonkinbyen,70.9221,-8.7187,5.13,81,100,0.57,SJ,1689910267
18,bandarbeyla,9.4942,50.8122,26.46,66,79,12.36,SO,1689910267
19,port-aux-francais,-49.35,70.2167,1.67,44,98,13.04,TF,1689910267
20,vorgashor,67.5833,63.95,22.17,64,65,5.7,RU,1689910267
21,chibougamau,49.9168,-74.3659,16.79,82,100,2.04,CA,1689910267
22,albany,42.6001,-73.9662,21.84,78,40,1.79,US,1689910003
23,alghero,40.5589,8.3181,24.05,94,0,1.03,IT,1689910267
24,stanley,54.868,-1.6985,10.41,92,0,5.14,GB,1689910268
25,suva,-18.1416,178.4415,26.71,78,40,3.09,FJ,1689910234
26,puerto natales,-51.7236,-72.4875,-0.87,98,100,1.06,CL,1689910268
27,firmat,-33.4594,-61.4832,11.06,74,99,6.08,AR,1689910234
28,tolanaro,-25.0319,46.9987,20.04,94,75,5.14,MG,1689910268
29,daru,-9.0763,143.2092,27.26,68,69,5.08,PG,1689910268
30,lahij,13.1667,44.5833,30.43,55,98,1.29,YE,1689910268
31,jamestown,42.097,-79.2353,17.77,98,0,6.17,US,1689910269
32,iquique,-20.2208,-70.1431,18.02,84,49,2.48,CL,1689909728
33,shenjiamen,29.9576,122.298,27.31,87,97,6.79,CN,1689910269
34,susuman,62.7833,148.1667,28.92,37,21,5.15,RU,1689910269
35,notodden,59.5594,9.2585,11.67,90,80,1.98,NO,1689910269
36,ribeira grande,38.5167,-28.7,20.99,91,100,5.81,PT,1689910269
37,blackmans bay,-43.0167,147.3167,11.52,60,8,2.24,AU,1689910269
38,polyarnyy,69.1989,33.4478,8.69,81,100,7.73,RU,1689910269
39,margaret river,-33.95,115.0667,16.21,64,63,7.67,AU,1689910270
40,ust'-ilimsk,58.0006,102.6619,29.09,25,16,1.28,RU,1689910270
41,al wajh,26.2455,36.4525,27.97,83,0,1.54,SA,1689910270
42,barysh,53.6553,47.1123,17.82,67,27,5.54,RU,1689910270
43,sarupathar,26.1984,93.8094,31.12,89,100,0.73,IN,1689910270
44,tindouf,27.6711,-8.1474,29.25,13,0,2.57,DZ,1689910270
45,anna regina,7.2644,-58.5077,26.44,80,2,3.16,GY,1689910271
46,hwange,-18.3693,26.5019,13.67,73,1,3.03,ZW,1689910271
47,west island,-12.1568,96.8225,25.99,73,75,7.72,CC,1689910271
48,charters towers,-20.1,146.2667,25.31,35,40,3.66,AU,1689910271
49,yellowknife,62.456,-114.3525,25.87,50,100,4.02,CA,1689910134
50,san pedro pochutla,15.7333,-96.4667,27.06,82,42,1.73,MX,1689910272
51,fale old settlement,-9.3852,-171.2468,28.68,75,88,5.14,TK,1689910272
52,juan griego,11.0817,-63.9655,25.93,90,43,5.09,VE,1689910272
53,srivardhan,18.0333,73.0167,25.7,90,100,3.55,IN,1689910272
54,invercargill,-46.4,168.35,7.75,68,23,3.14,NZ,1689910272
55,tura,25.5198,90.2201,27.87,87,100,1.43,IN,1689910272
56,udachny,66.4167,112.4,20.23,46,61,1.06,RU,1689910273
57,sumenep,-7.0167,113.8667,29.12,53,0,3.99,ID,1689910273
58,messaad,34.1543,3.5031,30.44,15,22,2.15,DZ,1689910273
59,rikaze,29.25,88.8833,20.34,27,0,0.87,CN,1689910274
60,arteche,12.2645,125.4048,30.56,66,63,2.35,PH,1689910274
61,isafjordur,66.0755,-23.124,10.46,72,92,0.62,IS,1689910274
62,aldinga beach,-35.2793,138.4604,15.14,68,60,4.51,AU,1689910274
63,borgo,46.0514,11.4544,20.98,86,10,0.9,IT,1689910274
64,colonia,50.9333,6.95,16.65,86,0,1.54,DE,1689910095
65,san patricio,28.017,-97.5169,29.36,77,8,5.5,US,1689910274
66,kolonia,50.9333,6.95,16.65,86,0,1.54,DE,1689910274
67,hadibu,12.65,54.0333,25.53,78,100,11.02,YE,1689910275
68,pimenta bueno,-11.6725,-61.1936,21.52,51,0,1.27,BR,1689910275
69,codrington,-38.2667,141.9667,12.57,68,69,4.55,AU,1689910275
70,tekkali,18.6167,84.2333,28.97,80,95,3.18,IN,1689910275
71,bubaque,11.2833,-15.8333,27.84,81,100,6.12,GW,1689910275
72,lihue,21.9789,-159.3672,29.58,71,75,7.72,US,1689910275
73,kamikawa,43.84,142.7711,25.15,68,17,1.64,JP,1689910276
74,vadso,70.0744,29.7487,8.49,87,100,7.2,NO,1689910276
75,st. john's,47.5649,-52.7093,19.75,95,100,7.2,CA,1689910200
76,al bawiti,28.3492,28.8659,26.7,38,0,2.72,EG,1689910276
77,puerto ayora,-0.7393,-90.3518,25.31,94,55,2.24,EC,1689910276
78,flin flon,54.7682,-101.865,18.12,63,43,2.6,CA,1689910276
79,mugia,43.1041,-9.2179,14.39,87,1,1.95,ES,1689909992
80,longyearbyen,78.2186,15.6401,7.91,81,40,6.17,SJ,1689910276
81,huilong,31.8111,121.655,29.52,78,100,2.62,CN,1689910277
82,ndele,8.4109,20.6473,21.32,97,100,1.48,CF,1689910277
83,saint-joseph,-21.3667,55.6167,20.26,77,0,1.57,RE,1689910277
84,bu'aale,1.0833,42.5833,24.1,84,81,3.33,SO,1689910277
85,saipan,15.1355,145.701,31.39,100,40,7.72,MP,1689910277
86,kill devil hills,36.0307,-75.676,27.21,81,0,2.06,US,1689910277
87,klyuchi,52.2667,79.1667,28.58,35,26,4.66,RU,1689910278
88,la ronge,55.1001,-105.2842,19.14,63,75,0.51,CA,1689910278
89,laguna,38.421,-121.4238,35.22,33,0,3.09,US,1689910278
90,kete krachi,7.7939,-0.0498,23.9,91,82,3.87,GH,1689910278
91,whitehorse,60.7161,-135.0538,24.43,38,75,2.06,CA,1689909682
92,ilulissat,69.2167,-51.1,7.01,93,20,2.57,GL,1689910278
93,khorixas,-20.3667,14.9667,12.52,40,0,2.04,NA,1689910278
94,iskateley,67.6803,53.1512,15.05,86,100,5.76,RU,1689910279
95,gulf breeze,30.3571,-87.1639,29.75,83,0,3.6,US,1689910161
96,college,64.8569,-147.8028,23.37,68,40,2.57,US,1689910279
97,tantou,26.0314,119.5986,31.87,74,96,5.0,CN,1689910279
98,jiuquan,39.7432,98.5174,30.16,18,71,6.12,CN,1689910280
99,isabela,6.7085,121.9711,31.03,78,88,0.22,PH,1689910280
100,quepos,9.4236,-84.1652,27.3,82,96,0.76,CR,1689910280
101,happy valley-goose bay,53.3168,-60.3315,17.17,72,20,1.03,CA,1689910094
102,mpulungu,-8.7623,31.1141,19.89,58,0,4.55,ZM,1689910280
103,bossangoa,6.4926,17.4552,20.75,96,100,1.53,CF,1689910281
104,axim,4.8699,-2.2405,24.23,91,96,2.73,GH,1689910281
105,mount isa,-20.7333,139.5,26.87,26,3,5.66,AU,1689910281
106,papatowai,-46.5619,169.4708,7.66,62,0,8.79,NZ,1689910281
107,robore,-18.3333,-59.75,20.31,59,0,1.1,BO,1689910281
108,alice springs,-23.7,133.8833,17.75,39,0,6.69,AU,1689910281
109,camana,-16.6228,-72.7111,17.2,80,52,1.78,PE,1689910282
110,mahibadhoo,3.7833,72.9667,27.93,78,100,4.78,MV,1689910282
111,thompson,55.7435,-97.8558,19.09,68,40,0.0,CA,1689910282
112,urengoy,65.9667,78.3667,25.74,41,74,5.18,RU,1689910282
113,georgetown,5.4112,100.3354,30.97,67,20,3.6,MY,1689910001
114,afaahiti,-17.75,-149.2833,23.93,63,22,7.97,PF,1689910282
115,puerto ayacucho,5.6639,-67.6236,24.3,92,100,1.18,VE,1689910282
116,kuta,-8.7233,115.1723,27.97,69,20,6.71,ID,1689910283
117,ayutla de los libres,16.9,-99.2167,26.32,81,56,1.37,MX,1689910283
118,vilyuchinsk,52.9306,158.4028,15.15,91,100,1.88,RU,1689910283
119,belmonte,-15.8631,-38.8828,21.76,89,64,3.48,BR,1689910283
120,hermanus,-34.4187,19.2345,7.11,74,6,5.09,ZA,1689910283
121,ola,59.5833,151.2833,26.75,80,40,4.62,RU,1689910283
122,ugoofaaru,5.6667,73.0,27.96,78,100,7.33,MV,1689910284
123,akureyri,65.6835,-18.0878,6.96,93,0,0.0,IS,1689910284
124,massawa,15.6097,39.45,34.43,48,100,2.93,ER,1689910284
125,utrik,11.2278,169.8474,28.41,80,44,9.04,MH,1689910284
126,uturoa,-16.7333,-151.4333,24.39,64,22,8.8,PF,1689910284
127,hobyo,5.3505,48.5268,25.42,82,89,10.87,SO,1689910005
128,rosarito,32.3333,-117.0333,27.04,73,8,2.81,MX,1689910284
129,gunjur,13.2019,-16.7339,26.04,94,40,0.0,GM,1689910284
130,bethel,41.3712,-73.414,23.17,80,0,0.0,US,1689910285
131,anadyr,64.75,177.4833,14.28,94,100,2.0,RU,1689910285
132,aasiaat,68.7098,-52.8699,3.33,98,86,4.25,GL,1689910285
133,mendi,-6.1761,143.6513,18.06,81,78,2.3,PG,1689910285
134,al jawf,29.5,38.75,26.75,22,0,4.83,SA,1689910285
135,hamilton,39.1834,-84.5333,26.47,75,75,3.09,US,1689910279
136,balapur,20.6667,76.7667,26.85,84,100,6.82,IN,1689910286
137,antsiranana,-12.2787,49.2917,22.42,94,75,5.14,MG,1689910286
138,talnakh,69.4865,88.3972,18.45,95,100,3.34,RU,1689910286
139,new norfolk,-42.7826,147.0587,12.18,53,31,3.04,AU,1689910286
140,port alfred,-33.5906,26.891,13.07,59,88,11.69,ZA,1689910286
141,ancud,-41.8697,-73.8203,10.6,85,97,7.66,CL,1689910287
142,san antonio de pale,-1.4014,5.6325,23.25,72,97,4.13,GQ,1689910287
143,la passe,45.5549,-0.8967,18.32,82,1,3.82,FR,1689910287
144,al mijlad,11.0333,27.7333,25.74,70,43,3.68,SD,1689910288
145,ar ruways,24.1103,52.7306,34.07,58,100,2.72,AE,1689910288
146,moroto,2.5345,34.6666,20.01,70,70,0.99,UG,1689910289
147,chonchi,-42.6128,-73.8092,10.62,84,67,4.0,CL,1689910289
148,aripuana,-9.1667,-60.6333,21.91,53,3,0.69,BR,1689910289
149,vinogradovo,56.9333,37.55,12.68,70,31,3.36,RU,1689910289
150,sitka,57.0531,-135.33,18.94,55,75,0.0,US,1689910289
151,shirgaon,19.7,72.7,27.62,83,100,5.6,IN,1689910289
152,degtyarsk,56.704,60.0879,17.18,62,58,5.0,RU,1689910289
153,yelizovo,53.1873,158.3805,15.08,100,75,1.0,RU,1689910290
154,santo angelo,-28.2992,-54.2631,16.5,89,7,4.22,BR,1689910290
155,macusani,-14.0833,-70.4333,0.1,61,0,0.71,PE,1689910290
156,louiseville,46.2559,-72.9415,23.95,69,26,5.14,CA,1689910290
157,chala,-7.5833,31.2667,11.27,67,0,2.3,TZ,1689910290
158,kumylzhenskaya,49.8809,42.5898,17.21,79,100,1.96,RU,1689910290
159,smithers,54.7804,-127.1743,24.18,46,75,8.23,CA,1689910291
160,beylikova,39.6869,31.2056,22.13,50,3,1.23,TR,1689910291
161,bredasdorp,-34.5322,20.0403,5.63,86,0,2.62,ZA,1689910291
162,raja,8.4596,25.678,20.17,91,78,2.13,SS,1689910291
163,punta arenas,-53.15,-70.9167,-1.39,95,100,7.06,CL,1689910223
164,bichura,50.5881,107.6022,22.99,36,85,2.57,RU,1689910291
165,bilibino,68.0546,166.4372,23.8,44,2,2.22,RU,1689910292
166,volchansk,59.9378,60.081,18.37,68,16,3.55,RU,1689910292
167,novodvinsk,64.4165,40.8122,14.47,97,100,3.38,RU,1689910292
168,port elizabeth,-33.918,25.5701,13.16,58,0,8.75,ZA,1689910292
169,bafia,4.75,11.2333,21.06,99,100,0.55,CM,1689910292
170,cabo san lucas,22.8909,-109.9124,34.61,58,0,7.72,MX,1689909740
171,kostinbrod,42.8167,23.2167,15.99,80,0,0.5,BG,1689910292
172,uvalde,29.3669,-99.767,32.55,43,0,5.14,US,1689910176
173,keflavik,64.0049,-22.5624,11.95,93,100,2.57,IS,1689910293
174,berdigestyakh,62.0989,126.6992,24.29,44,100,4.27,RU,1689910293
175,haimen,23.1935,116.6142,31.94,75,100,2.23,CN,1689910293
176,crane,31.3974,-102.3501,30.95,28,77,6.48,US,1689910293
177,wailua homesteads,22.0669,-159.378,29.24,72,75,7.72,US,1689910293
178,tongchuanshi,35.0806,109.0897,30.54,42,1,2.77,CN,1689910061
179,bardai,11.65,7.2333,22.68,86,100,3.51,NG,1689910294
180,christchurch,-43.5333,172.6333,10.51,65,40,6.17,NZ,1689909642
181,mincivan,39.0294,46.7185,25.52,67,2,1.53,AZ,1689910294
182,kanniyakumari,8.0833,77.5667,28.43,72,82,8.72,IN,1689910294
183,ust-nera,64.5667,143.2,29.92,31,58,4.74,RU,1689910294
184,kismayo,-0.3582,42.5454,25.22,85,46,8.23,SO,1689910295
185,chimbote,-9.0853,-78.5783,20.44,81,66,3.87,PE,1689910290
186,vila velha,-20.3297,-40.2925,18.97,97,100,3.09,BR,1689910295
187,callao,-12.0667,-77.15,21.16,73,100,6.17,PE,1689910295
188,lazaro cardenas,17.9583,-102.2,28.0,83,63,1.9,MX,1689909997
189,macouria,4.9167,-52.3667,22.97,100,0,0.51,GF,1689910295
190,port augusta,-32.5,137.7667,15.54,41,5,2.4,AU,1689910287
191,humahuaca,-23.2054,-65.3505,12.39,15,82,2.12,AR,1689910295
192,dabakala,8.3667,-4.4333,22.04,97,56,2.57,CI,1689910296
193,vung tau,10.346,107.0843,27.17,83,100,5.31,VN,1689910296
194,bosansko grahovo,44.1794,16.3639,17.32,82,2,1.74,BA,1689910296
195,svetlyy,54.675,20.1347,13.87,87,63,6.02,RU,1689910296
196,inirida,3.8653,-67.9239,23.34,97,100,0.48,CO,1689910296
197,cape coast,5.1053,-1.2466,24.0,90,93,3.39,GH,1689910297
198,piikkio,60.4248,22.516,15.5,100,40,1.03,FI,1689910297
199,gornozavodsk,58.3758,58.3211,15.93,75,27,4.84,RU,1689910297
200,fortuna,40.5982,-124.1573,16.63,88,100,3.6,US,1689910297
201,port mathurin,-19.6833,63.4167,23.25,66,21,6.97,MU,1689910297
202,yeppoon,-23.1333,150.7333,24.88,51,30,3.73,AU,1689910297
203,crepy-en-valois,49.2336,2.8881,16.17,82,100,2.06,FR,1689910298
204,nagqu,31.5,92.0,12.8,30,0,4.35,CN,1689910298
205,cudillero,43.5622,-6.1459,18.14,91,40,0.51,ES,1689910298
206,colonia menno,-22.3667,-59.8167,22.56,54,58,6.31,PY,1689910298
207,mamuju,-2.6748,118.8885,29.77,70,57,1.98,ID,1689910298
208,punta alta,-38.8759,-62.0736,14.48,67,100,5.12,AR,1689910299
209,saldanha,-33.0117,17.9442,5.03,62,1,4.63,ZA,1689910299
210,sao felix do xingu,-6.6447,-51.995,21.12,51,1,0.79,BR,1689910299
211,kununurra,-15.7667,128.7333,28.99,26,7,4.63,AU,1689910299
212,enewetak,11.3474,162.3373,28.48,77,83,7.95,MH,1689910299
213,mananjary,-21.2167,48.3333,20.78,87,71,2.17,MG,1689910299
214,tomatlan,19.9333,-105.25,25.99,91,77,0.81,MX,1689910299
215,malabar,-33.9667,151.25,18.77,40,0,7.2,AU,1689910299
216,kavieng,-2.5744,150.7967,28.87,70,18,3.69,PG,1689910300
217,ghadamis,30.1337,9.5007,30.42,14,0,4.23,LY,1689910300
218,tan-tan,28.438,-11.1032,20.35,87,83,7.61,MA,1689910300
219,oranjemund,-28.55,16.4333,12.64,43,0,2.56,NA,1689910300
220,machico,32.7,-16.7667,22.78,81,20,4.12,PT,1689910301
221,akkol',48.7833,53.2,24.2,37,29,4.32,KZ,1689910301
222,orel,52.9658,36.0803,14.24,97,100,2.72,RU,1689910019
223,xincheng,33.6333,115.1833,32.62,63,89,2.98,CN,1689910301
224,lebu,-37.6167,-73.65,11.37,95,99,5.73,CL,1689910301
225,hami,42.8,93.45,36.48,12,100,4.42,CN,1689910301
226,taulaga,-11.0553,-171.0883,28.28,75,100,5.26,AS,1689910301
227,bembereke,10.2283,2.6634,22.34,91,100,3.07,BJ,1689910301
228,gadzhiyevo,69.2551,33.3362,8.56,81,100,7.91,RU,1689910302
229,nemuro,43.3236,145.575,16.68,87,21,5.08,JP,1689910302
230,bel ombre,-4.6167,55.4167,25.91,83,40,7.2,SC,1689910045
231,hawaiian paradise park,19.5933,-154.9731,26.73,85,75,2.06,US,1689910302
232,kolpashevo,58.3131,82.9089,23.23,61,55,4.56,RU,1689910302
233,benjamin aceval,-24.9667,-57.5667,23.11,61,74,3.84,PY,1689910302
234,pyt-yakh,60.7499,72.8582,22.11,59,100,2.92,RU,1689910302
235,robinson,31.4677,-97.1147,33.32,47,0,6.17,US,1689910302
236,umba,66.6871,34.3429,11.03,73,97,6.78,RU,1689910302
237,i-n-salah,27.1935,2.4607,32.34,13,0,4.82,DZ,1689910302
238,soe,-9.8607,124.284,24.27,52,53,4.16,ID,1689910303
239,holualoa,19.6228,-155.9522,25.91,98,40,4.12,US,1689910303
240,luderitz,-26.6481,15.1594,13.76,49,0,1.94,NA,1689910303
241,port-vila,-17.7338,168.3219,25.78,69,75,5.66,VU,1689910303
242,nova sintra,14.8667,-24.7167,23.01,86,6,4.02,CV,1689910303
243,vila do maio,15.1333,-23.2167,26.44,87,68,2.99,CV,1689910303
244,benghazi,32.1167,20.0667,26.75,73,0,3.27,LY,1689910303
245,troitsko-pechorsk,62.7084,56.1964,16.96,84,75,3.05,RU,1689910303
246,weno,7.4515,151.8468,30.97,79,100,3.09,FM,1689910304
247,phalodi,27.1333,72.3667,36.22,45,59,0.36,IN,1689910304
248,baiyin,36.5583,104.2081,28.07,20,0,3.64,CN,1689910304
249,verkhnevilyuysk,63.4453,120.3167,23.02,50,93,2.05,RU,1689910304
250,yemva,62.59,50.8594,14.59,95,80,2.61,RU,1689910304
251,sao miguel do araguaia,-13.275,-50.1628,21.59,38,1,3.32,BR,1689910304
252,ballina,-28.8667,153.5667,22.66,35,4,2.97,AU,1689910073
253,ambovombe,-25.1667,46.0833,18.9,75,70,7.5,MG,1689910304
254,kristiansund,63.1115,7.732,12.36,82,100,1.03,NO,1689910006
255,grand falls-windsor,48.9332,-55.6649,19.72,94,100,1.72,CA,1689910305
256,kolwezi,-10.7148,25.4667,14.04,48,1,3.03,CD,1689910305
257,princeville,45.7668,-61.2985,20.2,96,0,0.0,CA,1689910305
258,olyokminsk,60.3736,120.4264,26.14,42,90,2.24,RU,1689910305
259,paka,4.6374,103.4368,28.96,79,20,1.54,MY,1689910305
260,selfoss,63.9331,-20.9971,11.69,93,78,2.11,IS,1689910305
261,wimpassing,48.1648,13.9863,15.77,87,82,0.51,AT,1689910305
262,thaba-tseka,-29.522,28.6084,-2.33,92,85,1.78,LS,1689910305
263,carnarvon,-24.8667,113.6333,19.05,31,55,9.14,AU,1689910305
264,khandyga,62.6667,135.6,14.36,95,100,4.77,RU,1689910306
265,jose panganiban,14.2906,122.6917,30.64,66,94,2.52,PH,1689910306
266,grudki,53.0949,23.6685,11.12,90,22,2.61,PL,1689910306
267,nikolayevsk,50.0282,45.4595,20.53,54,99,3.03,RU,1689910306
268,xichang,27.8964,102.2634,26.05,66,83,1.05,CN,1689910306
269,leticia,-4.2153,-69.9406,25.03,94,0,0.0,CO,1689910306
270,oromocto,45.8351,-66.4792,19.84,96,0,1.03,CA,1689910306
271,vernon,50.2581,-119.2691,29.74,30,57,0.51,CA,1689910215
272,sinabang,2.4803,96.3801,28.83,69,98,3.04,ID,1689910306
273,arraial do cabo,-22.9661,-42.0278,20.86,66,100,6.64,BR,1689910307
274,carbonear,47.7332,-53.2148,20.0,91,65,6.49,CA,1689910307
275,naha,26.2125,127.6811,33.15,74,75,6.17,JP,1689910166
276,dhahran,26.3032,50.1353,35.6,14,0,3.09,SA,1689910307
277,lae,-6.7221,146.9847,28.0,70,93,3.75,PG,1689910307
278,qamdo,31.1667,97.2333,13.68,34,0,1.33,CN,1689910307
279,cold lake,54.4502,-110.2017,19.97,83,75,0.0,CA,1689910308
280,avarua,-21.2078,-159.775,23.03,56,75,6.69,CK,1689910308
281,xilin hot,43.9667,116.0333,21.89,63,100,8.91,CN,1689910308
282,namibe,-15.1961,12.1522,16.74,86,0,2.15,AO,1689910308
283,entebbe,0.0644,32.4469,20.35,61,83,2.39,UG,1689910309
284,cabedelo,-6.9811,-34.8339,24.37,77,27,6.08,BR,1689910309
285,san juan,-31.5375,-68.5364,14.88,27,12,1.54,AR,1689910309
286,boende,-0.2167,20.8667,22.54,82,25,0.46,CD,1689910309
287,brigantine,39.4101,-74.3646,24.45,93,0,1.79,US,1689910309
288,el granada,37.5027,-122.4694,24.34,85,100,9.77,US,1689910046
289,lockwood,45.8191,-108.4149,26.94,44,40,5.14,US,1689910309
290,willis,30.4249,-95.4799,30.81,64,0,4.12,US,1689910160
291,paratinga,-12.6906,-43.1842,19.52,64,1,1.8,BR,1689910309
292,chui,-33.6971,-53.4616,14.51,95,99,4.21,UY,1689910310
293,severo-yeniseyskiy,60.3725,93.0408,25.06,29,55,4.23,RU,1689910310
294,pauini,-7.7136,-66.9764,23.13,64,16,0.99,BR,1689910310
295,sorong,-0.8833,131.25,29.37,70,27,5.35,ID,1689910310
296,dudinka,69.4058,86.1778,18.68,88,100,3.73,RU,1689910310
297,gulf shores,30.246,-87.7008,29.76,70,0,3.09,US,1689910310
298,portland,45.5234,-122.6762,29.26,49,20,3.6,US,1689910134
299,noumea,-22.2763,166.4572,23.99,99,1,3.31,NC,1689910204
300,flying fish cove,-10.4217,105.6791,25.82,73,75,6.69,CX,1689910310
301,minas de marcona,-15.2119,-75.1103,13.36,82,36,3.34,PE,1689910311
302,labytnangi,66.6572,66.4183,22.65,69,26,2.27,RU,1689910311
303,miranda,3.2499,-76.2281,24.07,65,93,2.63,CO,1689910213
304,praia da vitoria,38.7333,-27.0667,21.53,94,20,2.72,PT,1689910312
305,robertsport,6.7533,-11.3686,25.05,88,100,4.86,LR,1689910312
306,mount gambier,-37.8333,140.7667,12.08,76,100,3.35,AU,1689910313
307,cidade velha,14.9167,-23.6167,26.26,78,20,3.09,CV,1689910313
308,pandan,14.0453,124.1694,29.88,71,50,2.05,PH,1689910313
309,sorokyne,48.2923,39.7373,19.83,58,100,4.21,UA,1689910313
310,kone,-21.0595,164.8658,23.21,52,0,3.89,NC,1689910313
311,aykhal,66.0,111.5,19.48,62,94,3.43,RU,1689910313
312,kapuskasing,49.4169,-82.4331,15.05,88,75,2.06,CA,1689910206
313,south hedland,-20.4089,118.5983,25.96,24,7,8.23,AU,1689910313
314,blenheim,-41.516,173.9528,8.62,76,46,2.68,NZ,1689910313
315,buka,40.8108,69.1986,30.92,20,40,3.3,UZ,1689910314
316,dolinsk,47.35,142.8,25.74,60,99,4.5,RU,1689910314
317,tralee,52.2704,-9.7026,12.6,89,100,2.79,IE,1689910314
318,kingston,17.997,-76.7936,27.89,86,61,0.45,JM,1689910135
319,pierre,44.3683,-100.351,21.27,73,0,2.57,US,1689910314
320,akrehamn,59.2667,5.1833,12.45,87,100,2.57,NO,1689910314
321,carlsbad,33.1581,-117.3506,27.5,77,0,3.6,US,1689910255
322,el vigia,8.6219,-71.6506,26.31,63,82,2.24,VE,1689910314
323,port hueneme,34.1478,-119.1951,28.02,79,0,3.6,US,1689910314
324,maputo,-25.9653,32.5892,13.82,77,75,6.69,MZ,1689910315
325,ternate,0.8,127.4,29.24,68,4,5.04,ID,1689910315
326,morant bay,17.8815,-76.4093,27.06,90,61,5.64,JM,1689910315
327,guane,22.2025,-84.0875,26.55,83,75,2.21,CU,1689910315
328,ballito,-29.539,31.2144,11.08,76,75,2.57,ZA,1689910315
329,saint-pierre,-21.3393,55.4781,20.87,78,75,2.06,RE,1689910315
330,labrador city,52.9463,-66.9114,11.95,94,100,1.54,CA,1689910315
331,saskatoon,52.1168,-106.6345,19.99,72,40,2.06,CA,1689910189
332,voinjama,8.4219,-9.7478,20.43,99,99,0.77,LR,1689910315
333,jaisalmer,26.9147,70.9181,34.66,51,9,2.04,IN,1689910316
334,mutoko,-17.397,32.2268,9.88,83,29,1.26,ZW,1689910316
335,capitan bado,-23.2667,-55.5333,18.6,75,6,4.8,PY,1689910316
336,bluefield,37.2698,-81.2223,21.0,88,40,3.6,US,1689910078
337,qaqortoq,60.7167,-46.0333,5.77,97,100,3.62,GL,1689910316
338,puerto rosario,-24.45,-57.0833,22.99,62,54,3.6,PY,1689910316
339,kargopol',61.5071,38.9456,12.9,96,100,6.7,RU,1689910316
340,rocky mountain house,52.3668,-114.9188,21.06,56,21,1.54,CA,1689910316
341,pisco,-13.7,-76.2167,17.23,82,5,1.03,PE,1689910317
342,cukai,4.25,103.4167,28.97,63,96,1.15,MY,1689910317
343,revuca,48.6835,20.1173,10.48,75,53,1.07,SK,1689910317
344,bam,29.106,58.357,35.03,11,100,3.5,IR,1689910317
345,cananea,30.95,-110.3,26.92,34,69,6.08,MX,1689910317
346,simanggang,1.2472,111.4528,26.99,88,40,2.24,MY,1689910318
347,badiyah,22.45,58.8,33.35,43,88,2.48,OM,1689910318
348,antonio enes,-16.2325,39.9086,22.56,81,7,4.69,MZ,1689910318
349,sarykemer,43.0,71.5,27.71,28,12,0.76,KZ,1689910318
350,mohr,54.3528,9.7167,11.09,94,20,3.6,DE,1689910318
351,kiunga,-6.1219,141.2906,28.43,68,95,1.79,PG,1689910318
352,vorkuta,67.5,64.0,22.31,64,61,5.83,RU,1689910318
353,manismata,-2.4667,111.0333,23.58,98,100,1.48,ID,1689910318
354,dien bien phu,21.3833,103.0167,30.71,65,76,1.28,VN,1689910319
355,ponta delgada,37.7333,-25.6667,21.4,83,20,1.03,PT,1689910319
356,hovd,48.0056,91.6419,25.32,32,0,7.38,MN,1689910319
357,qarazhal,48.0078,70.7903,30.31,21,40,0.9,KZ,1689910319
358,roma,43.2128,-75.4557,22.83,74,0,3.6,US,1689910319
359,murgab,37.4966,61.9714,24.93,38,0,2.06,TM,1689910319
360,nuuk,64.1835,-51.7216,8.34,100,100,6.69,GL,1689910319
361,lhokseumawe,5.1801,97.1507,30.5,59,98,2.04,ID,1689910320
362,vila franca do campo,37.7167,-25.4333,21.23,82,79,0.84,PT,1689910320
363,quibala,-10.7337,14.98,14.77,60,34,0.8,AO,1689910320
364,manhush,47.0558,37.3107,21.47,82,99,3.59,UA,1689910320
365,sandakan,5.8402,118.1179,30.82,70,20,2.06,MY,1689910320
366,zemio,5.0314,25.1361,20.16,97,97,0.44,CF,1689910320
367,benguela,-12.5763,13.4055,17.83,84,72,1.21,AO,1689910320
368,usinsk,65.9939,57.5281,20.88,72,100,4.47,RU,1689910320
369,sao paulo de olivenca,-3.3783,-68.8725,22.95,93,37,0.94,BR,1689910321
370,kulhudhuffushi,6.6221,73.07,27.87,81,100,7.12,MV,1689910321
371,east london,-33.0153,27.9116,10.52,71,0,4.12,ZA,1689910321
372,cururupu,-1.8283,-44.8683,23.24,95,83,1.27,BR,1689910321
373,kaohsiung,22.6163,120.3133,31.97,66,40,4.12,TW,1689910321
374,yigo village,13.5361,144.8886,31.62,68,40,4.63,GU,1689910321
375,anori,-3.7728,-61.6442,25.13,59,63,0.91,BR,1689910322
376,melioratorov,57.2107,65.6077,16.21,100,20,3.0,RU,1689910322
377,mossel bay,-34.1831,22.146,4.96,62,0,2.76,ZA,1689910322
378,dunedin,-45.8742,170.5036,9.33,55,3,4.47,NZ,1689910322
379,sandnessjoen,66.0217,12.6316,12.29,94,75,0.0,NO,1689910322
380,danielskuil,-28.1887,23.5395,7.13,82,68,10.07,ZA,1689910323
381,taroa,8.7058,171.2275,28.37,82,79,9.08,MH,1689910323
382,balkanabat,39.5108,54.3671,33.52,19,0,6.47,TM,1689910323
383,rio gallegos,-51.6226,-69.2181,0.03,100,100,6.17,AR,1689910323
384,haiku-pauwela,20.9219,-156.3051,27.01,67,20,12.35,US,1689910323
385,yuzhno-kurilsk,44.0306,145.8556,17.59,83,49,3.75,RU,1689910323
386,magadan,59.5667,150.8,26.41,71,30,4.28,RU,1689910324
387,westport,41.1415,-73.3579,24.39,82,0,1.79,US,1689910324
388,witu,-2.3889,40.4382,26.09,83,20,5.46,KE,1689910324
389,lompoc,34.6391,-120.4579,20.08,93,100,4.12,US,1689910324
390,rongelap,11.1635,166.8941,28.77,79,94,8.23,MH,1689910324
391,kavaratti,10.5669,72.642,28.22,81,100,9.63,IN,1689910324
392,samaniego,1.3385,-77.5957,16.57,80,66,3.56,CO,1689910324
393,ust'-kulom,61.6864,53.6902,14.8,88,74,2.46,RU,1689910325
394,teknaf,20.8624,92.3058,26.85,90,99,7.15,BD,1689910325
395,llaillay,-32.85,-70.9667,15.69,63,100,1.16,CL,1689910325
396,kenora,49.8167,-94.4337,19.54,72,75,2.57,CA,1689910219
397,korla,41.7597,86.1469,35.34,16,62,5.58,CN,1689910325
398,natal,-5.795,-35.2094,23.12,88,20,3.6,BR,1689910325
399,klaksvik,62.2266,-6.589,9.51,97,96,7.49,FO,1689910325
400,zheleznodorozhnyy,55.7503,38.0042,13.75,69,90,3.0,RU,1689910326
401,hlukhiv,51.6782,33.9162,14.97,94,56,4.53,UA,1689910326
402,kendari,-3.945,122.4989,28.81,69,22,2.86,ID,1689910326
403,san luis de la loma,17.2706,-100.8939,27.85,81,25,2.67,MX,1689910326
404,porto novo,6.4965,2.6036,25.9,87,77,3.34,BJ,1689910326
405,wagar,16.1525,36.2032,29.27,61,88,8.0,SD,1689910326
406,ciudad lazaro cardenas,17.9583,-102.2,27.67,84,54,1.42,MX,1689910327
407,santa ana,33.7456,-117.8678,32.58,54,20,3.6,US,1689910119
408,honolulu,21.3069,-157.8583,28.9,72,40,8.23,US,1689910049
409,annaba,36.9,7.7667,21.98,94,0,1.54,DZ,1689910154
410,macau,22.2006,113.5461,33.81,84,20,2.06,MO,1689910327
411,castillos,-34.1667,-53.8333,14.0,94,33,4.26,UY,1689910327
412,diego de almagro,-26.3667,-70.05,15.1,48,100,0.66,CL,1689910292
413,port lincoln,-34.7333,135.8667,14.95,52,79,5.33,AU,1689910328
414,livingstonia,-10.606,34.1063,13.91,72,0,0.99,MW,1689910328
415,berezovyy,51.6667,135.7,34.57,28,98,3.41,RU,1689910328
416,aginskoye,51.1,114.53,23.77,38,69,0.75,RU,1689910328
417,chandbali,20.7833,86.7667,30.63,72,100,4.01,IN,1689910328
418,tondano,1.3038,124.9112,29.05,62,42,2.87,ID,1689910328
419,trinity beach,-16.7888,145.6968,28.36,61,100,3.6,AU,1689910329
420,caetes,-8.7731,-36.6225,16.21,93,63,4.92,BR,1689910329
421,palmer,42.1584,-72.3287,22.23,78,40,2.57,US,1689910329
422,bada,51.392,109.8717,24.67,33,99,3.49,RU,1689910270
423,san onofre,9.7359,-75.5263,26.63,83,7,2.04,CO,1689910330
424,las tablas,7.7667,-80.2833,27.56,82,100,4.6,PA,1689910330
425,mo i rana,66.3128,14.1428,12.96,88,100,1.03,NO,1689910330
426,turpan,42.9333,89.1667,39.74,17,83,0.95,CN,1689910330
427,sikonge,-5.6333,32.7667,14.6,58,6,2.21,TZ,1689910330
428,kawm umbu,24.4767,32.9463,32.3,19,0,2.79,EG,1689910330
429,sekong,-6.3996,106.0252,31.74,46,86,0.95,ID,1689910330
430,pasto,1.2136,-77.2811,10.82,93,95,2.99,CO,1689910331
431,tullamore,53.2739,-7.4889,11.88,89,98,2.71,IE,1689910331
432,igarka,67.4667,86.5833,24.5,59,75,5.58,RU,1689910331
433,kolonia town,6.964,158.206,28.07,78,100,6.95,FM,1689910331
434,san andres,12.5847,-81.7006,29.01,84,20,5.66,CO,1689910331
435,zaragoza,41.6561,-0.8773,21.12,57,0,9.77,ES,1689910331
436,buala,-8.145,159.5921,28.1,82,99,1.75,SB,1689910331
437,tsiroanomandidy,-18.7667,46.0333,16.6,66,23,0.91,MG,1689910332
438,caarapo,-22.6342,-54.8222,17.58,81,2,2.09,BR,1689910332
439,kostyantynivka,48.5277,37.7069,19.59,90,98,4.33,UA,1689910332
440,wewak,-3.5534,143.6268,29.26,67,69,3.22,PG,1689910332
441,dryden,49.7833,-92.7503,19.16,72,75,2.57,CA,1689910332
442,meulaboh,4.1363,96.1285,28.77,69,77,1.68,ID,1689910332
443,palikir - national government center,6.9248,158.1611,27.49,78,100,6.78,FM,1689910332
444,coxim,-18.5067,-54.76,24.12,39,59,2.13,BR,1689910333
445,kuala terengganu,5.3302,103.1408,31.1,74,20,1.54,MY,1689910333
446,luwuk,-0.9516,122.7875,29.26,71,37,3.86,ID,1689910333
447,mejit,10.2753,170.8646,28.15,83,95,9.2,MH,1689910333
448,tierp,60.3427,17.5181,12.2,91,13,1.69,SE,1689910333
449,acucena,-19.0731,-42.5464,16.29,95,100,1.03,BR,1689910334
450,fort mcmurray,56.7268,-111.381,24.73,53,0,2.06,CA,1689910209
451,salekhard,66.53,66.6019,23.23,64,39,2.28,RU,1689910334
452,fisterra,42.9049,-9.2629,14.3,85,0,2.09,ES,1689910334
453,sola,-13.8833,167.55,25.17,79,96,8.72,VU,1689910334
454,hasaki,35.7333,140.8333,28.5,76,19,4.97,JP,1689910334
455,nikolayevsk-on-amure,53.1406,140.73,30.57,47,6,1.55,RU,1689910335
456,esmeralda,21.8525,-78.1169,26.62,91,100,3.38,CU,1689910335
457,viedma,-40.8135,-62.9967,11.14,59,96,7.28,AR,1689910335
458,remire-montjoly,4.9167,-52.2667,23.02,100,0,0.51,GF,1689910274
459,rundu,-17.9333,19.7667,15.27,36,94,3.54,NA,1689910335
460,opatow,50.8006,21.4254,16.39,77,94,1.92,PL,1689910336
461,rock springs,41.5875,-109.2029,16.69,63,40,4.63,US,1689910337
462,oltinko'l,40.8011,72.1634,33.82,19,11,5.27,UZ,1689910337
463,ulladulla,-35.35,150.4667,15.64,44,50,5.03,AU,1689910337
464,gizycko,54.0381,21.7644,10.96,89,21,4.09,PL,1689910337
465,dzagam,40.9033,45.8856,21.85,66,3,1.3,AZ,1689910337
466,obihiro,42.9172,143.2044,21.67,68,9,3.75,JP,1689910337
467,amungan,15.3652,119.9582,29.85,74,35,2.73,PH,1689910337
468,acarau,-2.8856,-40.12,25.55,80,3,7.89,BR,1689910338
469,ubinskoye,55.3068,79.6802,23.44,65,32,4.22,RU,1689910338
470,okhotsk,59.3833,143.3,15.33,79,56,5.68,RU,1689910338
471,pindiga,9.9833,10.9333,22.15,93,97,2.99,NG,1689910338
472,yenifakili,39.2114,35.0004,20.37,42,0,1.07,TR,1689910338
473,heyuan,23.7333,114.6833,33.4,60,67,1.85,CN,1689910338
474,den burg,53.0542,4.7972,13.99,93,100,1.03,NL,1689910339
475,bereznik,62.8551,42.7072,17.55,93,70,0.57,RU,1689910339
476,silifke,36.3778,33.9344,28.96,46,0,2.99,TR,1689910339
477,athens,37.9795,23.7162,30.92,47,0,0.89,GR,1689910194
478,muroto-misakicho,33.2833,134.15,26.65,78,56,4.34,JP,1689910339
479,papao,-17.75,-149.55,24.82,64,21,7.91,PF,1689910340
480,tuy hoa,13.0833,109.3,30.57,68,64,3.13,VN,1689910340
481,cordoba,-31.4135,-64.1811,15.69,64,0,2.57,AR,1689910216
482,gwanda,-20.9333,29.0,10.9,93,100,5.29,ZW,1689910340
483,eastham,41.8301,-69.9739,21.66,83,68,0.45,US,1689910340
484,smara,26.7384,-11.6719,20.43,80,0,6.61,EH,1689910340
485,ha tinh,18.3333,105.9,30.32,73,86,2.34,VN,1689910340
486,victorica,-36.2151,-65.4359,10.88,63,92,6.77,AR,1689910340
487,ghat,24.9647,10.1728,27.44,25,0,0.39,LY,1689910341
488,freetown,8.484,-13.2299,26.84,89,40,2.57,SL,1689910341
489,kota kinabalu,5.9749,116.0724,26.99,83,40,8.23,MY,1689910341
490,beytussebap,37.5694,43.1681,24.34,35,0,1.83,TR,1689910341
491,irymple,-34.25,142.1667,13.94,63,34,0.45,AU,1689910341
492,kataba,13.9833,44.3833,23.25,46,100,0.66,YE,1689910341
493,veraval,20.9,70.3667,28.34,80,100,5.81,IN,1689910342
494,wamba,8.9333,8.6,22.22,95,100,1.81,NG,1689910342
495,al muwayh,22.4333,41.7583,28.94,16,52,3.61,SA,1689910342
496,impfondo,1.6381,18.0667,22.45,81,93,1.37,CG,1689910342
497,rio grande,-32.035,-52.0986,14.97,97,89,5.75,BR,1689910342
498,sumbe,-11.2061,13.8437,18.69,89,14,1.61,AO,1689910342
499,fang,19.9169,99.2145,28.2,85,76,0.95,TH,1689910342
500,ilebo,-4.3167,20.5833,22.01,52,15,0.96,CD,1689910342
501,arica,-18.475,-70.3042,18.13,72,100,1.54,CL,1689910299
502,banda aceh,5.5577,95.3222,29.02,71,100,9.65,ID,1689910213
503,tazovsky,67.4667,78.7,23.09,48,47,5.27,RU,1689910343
504,aconibe,1.2968,10.9369,19.02,98,96,1.02,GQ,1689910343
505,riachao das neves,-11.7461,-44.91,18.42,64,0,1.78,BR,1689910343
506,lensk,60.7253,114.9278,25.81,41,98,4.13,RU,1689910263
507,port saint john's,-31.6229,29.5448,11.68,73,98,4.24,ZA,1689910343
508,mataro,41.5421,2.4445,27.39,63,2,0.45,ES,1689910344
509,zorritos,-3.6805,-80.6782,24.16,77,26,3.72,PE,1689910344
510,cullinan,-25.6709,28.5236,8.23,71,64,8.12,ZA,1689910171
511,coahuayana de hidalgo,18.7,-103.6583,26.9,82,83,0.84,MX,1689910344
512,minab,27.1467,57.0801,32.22,70,98,1.8,IR,1689910344
513,amarante do maranhao,-5.5667,-46.7422,20.86,44,0,1.77,BR,1689910344
514,la'ie,21.6477,-157.9253,28.98,74,12,3.58,US,1689910344
515,dalandzadgad,43.5708,104.425,21.79,42,53,4.35,MN,1689910344
516,zhaoqing,23.0512,112.4597,30.46,55,28,1.7,CN,1689910345
517,lindale,32.5157,-95.4094,32.24,67,0,2.57,US,1689910052
518,dakhla,23.6848,-15.958,20.25,90,41,11.63,EH,1689910345
519,las palmas,28.4204,-14.0131,21.44,73,75,7.72,ES,1689910345
520,sao lourenco,-22.1164,-45.0544,12.21,93,17,0.76,BR,1689910345
521,bandar labuan,5.2888,115.2692,24.2,94,40,3.6,MY,1689910346
522,bhawanigarh,30.2667,76.035,35.23,50,63,3.11,IN,1689910346
523,usogorsk,63.4106,48.6872,15.97,91,48,3.31,RU,1689910346
524,richards bay,-28.783,32.0377,13.68,77,100,2.3,ZA,1689910346
525,kapa'a,22.0752,-159.319,29.99,71,75,7.72,US,1689910346
526,bishkul,54.7803,69.1033,21.19,83,20,4.0,KZ,1689910346
527,mudon,16.2578,97.7164,28.39,79,99,2.49,MM,1689910346
528,solnechnyy,50.7214,136.6319,33.36,33,83,4.55,RU,1689910347
529,hamada,34.8833,132.0833,25.4,64,0,4.08,JP,1689910347
530,geneina,13.45,22.45,24.44,68,60,0.92,SD,1689910347
531,siwa oasis,29.2041,25.5195,28.59,36,0,3.26,EG,1689910347
532,chacabuco,-34.6417,-60.4739,11.01,85,81,5.73,AR,1689910347
533,balasore,21.4942,86.9317,30.48,74,100,5.79,IN,1689910347
534,horodnya,51.8909,31.5974,14.39,93,64,3.35,UA,1689910347
535,agropoli,40.3469,14.9966,24.49,60,0,2.24,IT,1689910348
536,fomboni,-12.28,43.7425,26.35,75,77,7.25,KM,1689910348
537,saint-mandrier-sur-mer,43.078,5.929,24.87,66,44,1.54,FR,1689910348
538,turtas,58.9417,69.1325,22.3,70,18,2.96,RU,1689910348
539,kamina,-8.7386,24.9906,16.38,45,60,1.64,CD,1689910348
540,kidal,18.4411,1.4078,29.91,53,84,6.59,ML,1689910348
541,nishinoomote,30.7333,131.0,29.31,78,75,2.06,JP,1689910348
542,essaouira,31.5125,-9.77,22.72,81,3,5.14,MA,1689910349
543,kilindoni,-7.9139,39.6668,25.24,78,1,7.22,TZ,1689910349
544,makinsk,52.6292,70.4169,24.3,50,79,5.27,KZ,1689910349
545,malya,-2.9833,33.5167,17.64,51,5,4.05,TZ,1689910349
546,tvoroyri,61.5556,-6.8111,10.02,94,100,7.02,FO,1689910349
547,ingeniero jacobacci,-41.3427,-69.5448,3.78,89,99,2.03,AR,1689910349
548,arenas de san pedro,40.2104,-5.0869,17.52,58,0,2.51,ES,1689910350
549,xishan,27.6667,113.5,34.13,57,96,3.17,CN,1689910350
550,pala,9.3642,14.9046,21.32,96,99,1.99,TD,1689910350
551,sao vicente,-23.9631,-46.3919,22.1,26,12,1.07,BR,1689910350
552,inarajan village,13.2736,144.7484,32.54,81,38,4.84,GU,1689910351
553,hammerfest,70.6634,23.6821,8.25,93,100,4.63,NO,1689910351
554,nar'yan-mar,67.6713,53.087,14.95,86,100,5.75,RU,1689910351
555,ilhabela,-23.7781,-45.3581,19.26,88,93,5.41,BR,1689910351
556,kochubey,44.3861,46.5825,27.29,54,0,4.67,RU,1689910351
557,moranbah,-22.0016,148.0466,23.33,36,63,3.31,AU,1689910352
558,tadine,-21.55,167.8833,21.4,63,0,7.02,NC,1689910352
